#,Title,Notes,Text Overlay,User Tags,Synergy Tags,Result,Duration,In Point,Out Point,Team,Game,Date,Pd.,Clock,Player,Play Type,Play Call,Synergy String
1,Braeden Burns,,,,"3FGM, Assist",Make 3 Pts,00:00:18.2,,,Clarkson University Golden Knights,CU@IC,01/17/2025,1,19:49,"Jack Dalgety, Braeden Burns","P&R BH, Spot Up",,0 Lorenzo Rappa > P&R Ball Handler > High P&R > Dribble Off Pick > Defense Commits > Ball Delivered > 24 Braeden Burns > Spot-Up > No Dribble Jumper > Guarded > Long/3pt > Make 3 Pts
2,Aidan Holmes,,,,Turnover,Turnover,00:00:16.3,,,Ithaca College,CU@IC,01/17/2025,1,19:29,Aidan Holmes,P&R BH,,3 Aidan Holmes > P&R Ball Handler > Right P&R > Side > Dribble Off Pick > Turnover
3,Steve DeRegis,,,,"3FGm, Foul",Miss 3 Pts,00:00:11.1,,,Clarkson University Golden Knights,CU@IC,01/17/2025,1,19:25,"Steve DeRegis, Chris Leysath",Transition,,5 Steve DeRegis > Transition > Right Wing > No Dribble Jumper > Guarded > Long/3pt > Miss 3 Pts
4,Braeden Burns,,,,"2FGm, Def Reb, Block, Blocked Attempt",Miss 2 Pts,00:00:17.7,,,Clarkson University Golden Knights,CU@IC,01/17/2025,1,19:22,"Braeden Burns, Chris Leysath, Aidan Holmes",Cut,,24 Braeden Burns > Cut > Basket > Miss 2 Pts
5,Jaylon O'Neal,,,,2FGM,Make 2 Pts,00:00:10.6,,,Ithaca College,CU@IC,01/17/2025,1,19:09,Jaylon O'Neal,Transition,,2 Jaylon O'Neal > Transition > Ballhandler > To Basket > Make 2 Pts
6,Braeden Burns,,,,"3FGM, Assist",Make 3 Pts,00:00:14.9,,,Clarkson University Golden Knights,CU@IC,01/17/2025,1,19:00,"Jack Dalgety, Braeden Burns",Transition,,24 Braeden Burns > Transition > Left Wing > No Dribble Jumper > Guarded > Long/3pt > Make 3 Pts
7,Jaylon O'Neal,,,,"2FGm, Def Reb",Miss 2 Pts,00:00:13.3,,,Ithaca College,CU@IC,01/17/2025,1,18:49,"Jaylon O'Neal, Jack Dalgety",Transition,,2 Jaylon O'Neal > Transition > Trailer > To Basket > Miss 2 Pts
8,Braeden Burns,,,,"Turnover, Steal",Turnover,00:00:12.9,,,Clarkson University Golden Knights,CU@IC,01/17/2025,1,18:41,"Evan Cabral, Braeden Burns",Transition,,24 Braeden Burns > Transition > Right Wing > Turnover
9,Logan Wendell,,,,Turnover,Turnover,00:00:26.4,,,Ithaca College,CU@IC,01/17/2025,1,18:19,Logan Wendell,P&R BH,,1 Logan Wendell > P&R Ball Handler > Right P&R > Baseline > Dribble Off Pick > Defense Commits > Turnover
10,Jack Dalgety,,,,"3FGm, Def Reb",Miss 3 Pts,00:00:18.3,,,Clarkson University Golden Knights,CU@IC,01/17/2025,1,18:09,"Jack Dalgety, Chris Leysath",Spot Up,,21 Jack Dalgety > Spot-Up > No Dribble Jumper > Guarded > Long/3pt > Miss 3 Pts
11,Chris Leysath,,,,"2FGM, Assist",Make 2 Pts,00:00:18.5,,,Ithaca College,CU@IC,01/17/2025,1,17:55,"Chris Leysath, Aidan Holmes",Cut,,30 Chris Leysath > Cut > Basket > Make 2 Pts
12,Steve DeRegis,,,,2FGm,Miss 2 Pts,00:00:18.6,,,Clarkson University Golden Knights,CU@IC,01/17/2025,1,17:40,Steve DeRegis,Handoff,,5 Steve DeRegis > Hand Off > From Stationary > Top > To Basket > Miss 2 Pts
13,Steve DeRegis,,,,"2FGM, Off Reb",Make 2 Pts,00:00:07.9,,,Clarkson University Golden Knights,CU@IC,01/17/2025,1,17:35,Steve DeRegis,Off Reb,,5 Steve DeRegis > Offensive Rebound > Short > Scoring Attempt > At Basket > Make 2 Pts
14,Evan Cabral,,,,Foul,Non Shooting Foul,00:00:13.0,,,,CU@IC,01/17/2025,1,,Braeden Burns,,,15 Evan Cabral > Non Possession > Non Shooting Foul
15,Evan Cabral,,,,"2FGM, Assist",Make 2 Pts,00:00:08.6,,,Ithaca College,CU@IC,01/17/2025,1,17:25,"Evan Cabral, Logan Wendell",Cut,,15 Evan Cabral > Cut > Screen > Make 2 Pts
16,Braeden Burns,,,,"3FGM, Assist",Make 3 Pts,00:00:16.2,,,Clarkson University Golden Knights,CU@IC,01/17/2025,1,17:11,"Steve DeRegis, Braeden Burns",Transition,,24 Braeden Burns > Transition > Left Wing > No Dribble Jumper > Guarded > Long/3pt > Make 3 Pts
17,Jaylon O'Neal,,,,"3FGM, Assist",Make 3 Pts,00:00:18.1,,,Ithaca College,CU@IC,01/17/2025,1,16:53,"Aidan Holmes, Jaylon O'Neal",Handoff,,2 Jaylon O'Neal > Hand Off > From Dribble > Left > No Dribble Jumper > Open > Long/3pt > Make 3 Pts
18,Braeden Burns,,,,3FGm,Miss 3 Pts,00:00:22.6,,,Clarkson University Golden Knights,CU@IC,01/17/2025,1,16:38,Braeden Burns,Off Screen,,24 Braeden Burns > Off Screen > To Shooter's Right > Straight > No Dribble Jumper > Guarded > Long/3pt > Miss 3 Pts
19,Lorenzo Rappa,,,,Off Reb,Run Offense,00:00:11.7,,,Clarkson University Golden Knights,CU@IC,01/17/2025,1,,Lorenzo Rappa,Off Reb,,0 Lorenzo Rappa > Offensive Rebound > Long > Run Offense
20,Braeden Burns,,,,"3FGm, Def Reb",Miss 3 Pts,00:00:15.9,,,Clarkson University Golden Knights,CU@IC,01/17/2025,1,16:29,"Braeden Burns, Aidan Holmes",Spot Up,,24 Braeden Burns > Spot-Up > No Dribble Jumper > Guarded > Long/3pt > Miss 3 Pts
21,Logan Wendell,,,,Foul,Non Shooting Foul,00:00:13.3,,,,CU@IC,01/17/2025,1,,Steve DeRegis,,,1 Logan Wendell > Non Possession > Non Shooting Foul
22,Jaylon O'Neal,,,,2FGM,Make 2 Pts,00:00:16.7,,,Ithaca College,CU@IC,01/17/2025,1,16:11,Jaylon O'Neal,Spot Up,,2 Jaylon O'Neal > Spot-Up > Drives Left > To Basket > Make 2 Pts
23,Lorenzo Rappa,,,,Foul,Non Shooting Foul,00:00:13.7,,,,CU@IC,01/17/2025,1,,Jaylon O'Neal,,,0 Lorenzo Rappa > Non Possession > Non Shooting Foul
24,Jack Dalgety,,,,2FGm,Miss 2 Pts,00:00:15.8,,,Clarkson University Golden Knights,CU@IC,01/17/2025,1,15:53,Jack Dalgety,Spot Up,,21 Jack Dalgety > Spot-Up > Drives Right > Dribble Jumper > Short to < 17' > Miss 2 Pts
25,Finn Cork,,,,Off Reb,Run Offense,00:00:07.9,,,Clarkson University Golden Knights,CU@IC,01/17/2025,1,,Finn Cork,Off Reb,,40 Finn Cork > Offensive Rebound > Short > Run Offense
26,Matthew Parent,,,,"3FGm, Def Reb",Miss 3 Pts,00:00:10.0,,,Clarkson University Golden Knights,CU@IC,01/17/2025,1,15:46,"Matthew Parent, Evan Cabral",Spot Up,,44 Matthew Parent > Spot-Up > No Dribble Jumper > Guarded > Long/3pt > Miss 3 Pts
27,Logan Wendell,,,,"Turnover, Steal",Turnover,00:00:24.5,,,Ithaca College,CU@IC,01/17/2025,1,15:29,"Lorenzo Rappa, Logan Wendell",P&R BH,,1 Logan Wendell > P&R Ball Handler > Right P&R > Baseline > Dribble Off Pick > Defense Commits > Turnover
28,Lorenzo Rappa,,,,,No Violation,00:00:06.0,,,Clarkson University Golden Knights,CU@IC,01/17/2025,1,,Lorenzo Rappa,,,0 Lorenzo Rappa > Non Possession > No Violation
29,Jack Dalgety,,,,"Foul, Turnover",Turnover,00:00:31.5,,,Clarkson University Golden Knights,CU@IC,01/17/2025,1,15:25,Jack Dalgety,Post Up,,21 Jack Dalgety > Post-Up > Left Block > Left Shoulder > Dribble Move > Turnover
30,Aidan Holmes,,,,"2FGm, Def Reb",Miss 2 Pts,00:00:28.8,,,Ithaca College,CU@IC,01/17/2025,1,14:35,"Aidan Holmes, Matthew Parent",Spot Up,,3 Aidan Holmes > Spot-Up > Drives Right > Dribble Jumper > Medium/17' to <3p > Miss 2 Pts
31,Matthew Parent,,,,"3FGm, Def Reb",Miss 3 Pts,00:00:17.5,,,Clarkson University Golden Knights,CU@IC,01/17/2025,1,14:14,"Matthew Parent, Chris Leysath",Off Screen,,44 Matthew Parent > Off Screen > To Shooter's Left > Straight > No Dribble Jumper > Guarded > Long/3pt > Miss 3 Pts
32,Evan Cabral,,,,"3FGm, Def Reb",Miss 3 Pts,00:00:14.4,,,Ithaca College,CU@IC,01/17/2025,1,14:07,"Evan Cabral, Matteo Sinon",Transition,,15 Evan Cabral > Transition > Left Wing > No Dribble Jumper > Guarded > Long/3pt > Miss 3 Pts
33,Steve DeRegis,,,,3FGm,Miss 3 Pts,00:00:18.5,,,Clarkson University Golden Knights,CU@IC,01/17/2025,1,13:47,Steve DeRegis,Spot Up,,5 Steve DeRegis > Spot-Up > No Dribble Jumper > Guarded > Long/3pt > Miss 3 Pts
34,Finn Cork,,,,"2FGM, Off Reb",Make 2 Pts,00:00:07.5,,,Clarkson University Golden Knights,CU@IC,01/17/2025,1,13:43,Finn Cork,Off Reb,,40 Finn Cork > Offensive Rebound > Short > Scoring Attempt > At Basket > Make 2 Pts
35,Aidan Holmes,,,,Foul,Foul,00:00:13.6,,,Ithaca College,CU@IC,01/17/2025,1,13:28,"Matthew Parent, Aidan Holmes",Off Screen,,3 Aidan Holmes > Off Screen > To Shooter's Left > Straight > No Dribble Jumper > Guarded > Long/3pt > Foul
36,Aidan Holmes,,,,FTm,Free Throw,00:00:06.1,,,Ithaca College,CU@IC,01/17/2025,1,,Aidan Holmes,,,3 Aidan Holmes > Non Possession > Free Throw
37,Aidan Holmes,,,,FTM,Free Throw,00:00:05.9,,,Ithaca College,CU@IC,01/17/2025,1,,Aidan Holmes,,,3 Aidan Holmes > Non Possession > Free Throw
38,Aidan Holmes,,,,"FTm, Def Reb",Free Throw,00:00:06.1,,,Ithaca College,CU@IC,01/17/2025,1,,"Aidan Holmes, Matthew Parent",,,3 Aidan Holmes > Non Possession > Free Throw
39,Matthew Parent,,,,3FGm,Miss 3 Pts,00:00:19.5,,,Clarkson University Golden Knights,CU@IC,01/17/2025,1,13:17,Matthew Parent,"P&R BH, Spot Up",,10 Matteo Sinon > P&R Ball Handler > Left P&R > Side > Dribble Off Pick > Defense Commits > Ball Delivered > 44 Matthew Parent > Spot-Up > No Dribble Jumper > Guarded > Long/3pt > Miss 3 Pts
40,Braeden Burns,,,,Off Reb,Run Offense,00:00:07.9,,,Clarkson University Golden Knights,CU@IC,01/17/2025,1,,Braeden Burns,Off Reb,,24 Braeden Burns > Offensive Rebound > Short > Run Offense
41,Matteo Sinon,,,,"3FGm, Def Reb",Miss 3 Pts,00:00:12.0,,,Clarkson University Golden Knights,CU@IC,01/17/2025,1,13:09,"Alex Penders, Matteo Sinon",Spot Up,,10 Matteo Sinon > Spot-Up > No Dribble Jumper > Guarded > Long/3pt > Miss 3 Pts
42,Jaylon O'Neal,,,,"3FGm, Def Reb",Miss 3 Pts,00:00:14.6,,,Ithaca College,CU@IC,01/17/2025,1,13:02,"Jaylon O'Neal, Matthew Parent","P&R BH, Spot Up",,1 Logan Wendell > P&R Ball Handler > High P&R > Dribble Off Pick > Defense Commits > Ball Delivered > 2 Jaylon O'Neal > Spot-Up > No Dribble Jumper > Guarded > Long/3pt > Miss 3 Pts
43,Sean Enelamah,,,,Turnover,Turnover,00:00:16.1,,,Clarkson University Golden Knights,CU@IC,01/17/2025,1,12:38,Sean Enelamah,Post Up,,11 Sean Enelamah > Post-Up > Left Block > Face-up > Drive Baseline > Defense Commits > Turnover
44,Jaylon O'Neal,,,,2FGM,Make 2 Pts,00:00:10.7,,,Ithaca College,CU@IC,01/17/2025,1,12:27,Jaylon O'Neal,P&R BH,,2 Jaylon O'Neal > P&R Ball Handler > High P&R > Dribble Off Pick > To Basket > Make 2 Pts
45,Steve DeRegis,,,,"2FGm, Block, Blocked Attempt",Miss 2 Pts,00:00:27.7,,,Clarkson University Golden Knights,CU@IC,01/17/2025,1,12:01,"Steve DeRegis, Logan Wendell","P&R BH, Spot Up",,44 Matthew Parent > P&R Ball Handler > Left P&R > Baseline > Dribble Off Pick > Defense Commits > Ball Delivered > 5 Steve DeRegis > Spot-Up > Drives Left > Dribble Jumper > Short to < 17' > Miss 2 Pts
46,Sean Enelamah,,,,"2FGM, Off Reb",Make 2 Pts,00:00:06.1,,,Clarkson University Golden Knights,CU@IC,01/17/2025,1,11:56,Sean Enelamah,Off Reb,,11 Sean Enelamah > Offensive Rebound > Short > Scoring Attempt > At Basket > Make 2 Pts
47,Jaylon O'Neal,,,,Foul,Non Shooting Foul,00:00:09.3,,,,CU@IC,01/17/2025,1,,Sean Enelamah,,,2 Jaylon O'Neal > Non Possession > Non Shooting Foul
48,Logan Wendell,,,,"3FGM, Assist",Make 3 Pts,00:00:10.5,,,Ithaca College,CU@IC,01/17/2025,1,11:43,"Alex Penders, Logan Wendell",Handoff,,1 Logan Wendell > Hand Off > From Dribble > Left > No Dribble Jumper > Guarded > Long/3pt > Make 3 Pts
49,Steve DeRegis,,,,3FGm,Miss 3 Pts,00:00:28.6,,,Clarkson University Golden Knights,CU@IC,01/17/2025,1,11:20,Steve DeRegis,Spot Up,,5 Steve DeRegis > Spot-Up > No Dribble Jumper > Guarded > Long/3pt > Miss 3 Pts
50,Jack Dalgety,,,,"2FGM, Off Reb",Make 2 Pts,00:00:09.9,,,Clarkson University Golden Knights,CU@IC,01/17/2025,1,11:18,Jack Dalgety,Off Reb,,21 Jack Dalgety > Offensive Rebound > Short > Scoring Attempt > Short to < 17' > Make 2 Pts
51,Logan Wendell,,,,Foul,Non Shooting Foul,00:00:13.9,,,,CU@IC,01/17/2025,1,,Steve DeRegis,,,1 Logan Wendell > Non Possession > Non Shooting Foul
52,Logan Wendell,,,,Turnover,Turnover,00:00:14.2,,,Ithaca College,CU@IC,01/17/2025,1,10:47,Logan Wendell,,,1 Logan Wendell > No Play Type > Turnover
53,Steve DeRegis,,,,"3FGm, Def Reb",Miss 3 Pts,00:00:23.9,,,Clarkson University Golden Knights,CU@IC,01/17/2025,1,10:36,"Steve DeRegis, Logan Wendell",Handoff,,5 Steve DeRegis > Hand Off > From Dribble > Left > No Dribble Jumper > Open > Long/3pt > Miss 3 Pts
54,Logan Wendell,,,,"Turnover, Steal",Turnover,00:00:13.9,,,Ithaca College,CU@IC,01/17/2025,1,10:22,"Logan Wendell, Steve DeRegis",Transition,,1 Logan Wendell > Transition > Ballhandler > Turnover
55,Matteo Sinon,,,,Foul,Non Shooting Foul,00:00:17.1,,,,CU@IC,01/17/2025,1,,Aidan Holmes,,,10 Matteo Sinon > Non Possession > Non Shooting Foul
56,Braeden Burns,,,,"3FGm, Def Reb",Miss 3 Pts,00:00:17.6,,,Clarkson University Golden Knights,CU@IC,01/17/2025,1,9:46,"Braeden Burns, Jose Padilla",Spot Up,,24 Braeden Burns > Spot-Up > No Dribble Jumper > Guarded > Long/3pt > Miss 3 Pts
57,Aidan Holmes,,,,"2FGM, Assist",Make 2 Pts,00:00:17.8,,,Ithaca College,CU@IC,01/17/2025,1,9:33,"Aidan Holmes, Evan Cabral",Cut,,3 Aidan Holmes > Cut > Basket > Make 2 Pts
58,Casey Montesano,,,,"3FGM, Assist",Make 3 Pts,00:00:15.3,,,Clarkson University Golden Knights,CU@IC,01/17/2025,1,9:13,"Casey Montesano, Jack Dalgety",Spot Up,,3 Casey Montesano > Spot-Up > No Dribble Jumper > Open > Long/3pt > Make 3 Pts
59,Jose Padilla,,,,,No Violation,00:00:12.1,,,Ithaca College,CU@IC,01/17/2025,1,,Jose Padilla,,,13 Jose Padilla > Non Possession > No Violation
60,Jose Padilla,,,,"Turnover, Steal",Turnover,00:00:22.7,,,Ithaca College,CU@IC,01/17/2025,1,8:45,"Jose Padilla, Braeden Burns",Handoff,,13 Jose Padilla > Hand Off > From Dribble > Right > Turnover
61,Braeden Burns,,,,Foul,Non Shooting Foul,00:00:13.7,,,,CU@IC,01/17/2025,1,,Alex Penders,,,24 Braeden Burns > Non Possession > Non Shooting Foul
62,Braeden Burns,,,,"2FGm, Def Reb",Miss 2 Pts,00:00:13.4,,,Clarkson University Golden Knights,CU@IC,01/17/2025,1,8:29,"Braeden Burns, Laurence Brady",Spot Up,,24 Braeden Burns > Spot-Up > Drives Right > To Basket > Miss 2 Pts
63,Laurence Brady,,,,"2FGm, Def Reb",Miss 2 Pts,00:00:16.3,,,Ithaca College,CU@IC,01/17/2025,1,8:20,"Laurence Brady, Casey Montesano",Transition,,12 Laurence Brady > Transition > Left Wing > To Basket > Miss 2 Pts
64,Matt Toscano,,,,"2FGm, Block, Blocked Attempt",Miss 2 Pts,00:00:15.0,,,Clarkson University Golden Knights,CU@IC,01/17/2025,1,8:11,"Matt Toscano, Cole Wissink",Transition,,4 Matt Toscano > Transition > Left Wing > To Basket > Miss 2 Pts
65,Jack Dalgety,,,,"2FGm, Def Reb",Miss 2 Pts,00:00:10.9,,,Clarkson University Golden Knights,CU@IC,01/17/2025,1,8:04,"Jack Dalgety, Jaylon O'Neal",Spot Up,,21 Jack Dalgety > Spot-Up > No Dribble Jumper > Guarded > Medium/17' to <3p > Miss 2 Pts
66,Jaylon O'Neal,,,,"Turnover, Steal",Turnover,00:00:11.5,,,Ithaca College,CU@IC,01/17/2025,1,7:58,"Jaylon O'Neal, Tyson Maxam",Transition,,2 Jaylon O'Neal > Transition > Ballhandler > Turnover
67,Tyson Maxam,,,,"Foul, Turnover",Turnover,00:00:10.9,,,Clarkson University Golden Knights,CU@IC,01/17/2025,1,7:53,Tyson Maxam,Transition,,2 Tyson Maxam > Transition > Ballhandler > To Basket > Turnover
68,Jaylon O'Neal,,,,Foul,Foul,00:00:16.5,,,Ithaca College,CU@IC,01/17/2025,1,7:35,"Matt Toscano, Jaylon O'Neal",Spot Up,,2 Jaylon O'Neal > Spot-Up > Drives Left > Foul
69,Jaylon O'Neal,,,,FTM,Free Throw,00:00:05.9,,,Ithaca College,CU@IC,01/17/2025,1,,Jaylon O'Neal,,,2 Jaylon O'Neal > Non Possession > Free Throw
70,Jaylon O'Neal,,,,FTM,Free Throw,00:00:05.6,,,Ithaca College,CU@IC,01/17/2025,1,,Jaylon O'Neal,,,2 Jaylon O'Neal > Non Possession > Free Throw
71,Casey Montesano,,,,"2FGm, Def Reb, Block, Blocked Attempt",Miss 2 Pts,00:00:19.1,,,Clarkson University Golden Knights,CU@IC,01/17/2025,1,7:23,"Casey Montesano, Jose Padilla, Laurence Brady",Cut,,3 Casey Montesano > Cut > Basket > Miss 2 Pts
72,Jose Padilla,,,,"3FGM, Assist",Make 3 Pts,00:00:20.9,,,Ithaca College,CU@IC,01/17/2025,1,7:05,"Jose Padilla, Aidan Holmes",P&R BH,,13 Jose Padilla > P&R Ball Handler > Right P&R > Baseline > Dribble Off Pick > Dribble Jumper > Long/3pt > Make 3 Pts
73,Jack Dalgety,,,,Turnover,Turnover,00:00:14.4,,,Clarkson University Golden Knights,CU@IC,01/17/2025,1,6:44,Jack Dalgety,,,21 Jack Dalgety > No Play Type > Turnover
74,Aidan Holmes,,,,"3FGm, Def Reb",Miss 3 Pts,00:00:12.9,,,Ithaca College,CU@IC,01/17/2025,1,6:32,"Aidan Holmes, Jack Dalgety","P&R BH, Spot Up",,2 Jaylon O'Neal > P&R Ball Handler > High P&R > Dribble Off Pick > Defense Commits > Ball Delivered > 3 Aidan Holmes > Spot-Up > No Dribble Jumper > Guarded > Long/3pt > Miss 3 Pts
75,Finn Cork,,,,Foul,Foul,00:00:10.1,,,Clarkson University Golden Knights,CU@IC,01/17/2025,1,6:24,"Chris Leysath, Finn Cork",Post Up,,40 Finn Cork > Post-Up > Right Block > Right Shoulder > Dribble Move > To Jumper > Foul
76,Finn Cork,,,,FTM,Free Throw,00:00:05.8,,,Clarkson University Golden Knights,CU@IC,01/17/2025,1,,Finn Cork,,,40 Finn Cork > Non Possession > Free Throw
77,Finn Cork,,,,FTM,Free Throw,00:00:06.5,,,Clarkson University Golden Knights,CU@IC,01/17/2025,1,,Finn Cork,,,40 Finn Cork > Non Possession > Free Throw
78,Logan Wendell,,,,"3FGm, Def Reb",Miss 3 Pts,00:00:26.4,,,Ithaca College,CU@IC,01/17/2025,1,5:55,"Logan Wendell, Jack Dalgety","P&R BH, Spot Up",,2 Jaylon O'Neal > P&R Ball Handler > Left P&R > Baseline > Dribble Off Pick > Defense Commits > Ball Delivered > 1 Logan Wendell > Spot-Up > No Dribble Jumper > Guarded > Long/3pt > Miss 3 Pts
79,Braeden Burns,,,,2FGM,Make 2 Pts,00:00:16.3,,,Clarkson University Golden Knights,CU@IC,01/17/2025,1,5:37,Braeden Burns,Spot Up,,24 Braeden Burns > Spot-Up > Drives Left > To Basket > Make 2 Pts
80,Aidan Holmes,,,,Turnover,Turnover,00:00:10.9,,,Ithaca College,CU@IC,01/17/2025,1,5:25,Aidan Holmes,Transition,,3 Aidan Holmes > Transition > Left Wing > Turnover
81,Jack Dalgety,,,,"3FGM, Assist",Make 3 Pts,00:00:17.3,,,Clarkson University Golden Knights,CU@IC,01/17/2025,1,5:09,"Jack Dalgety, Braeden Burns",Spot Up,,21 Jack Dalgety > Spot-Up > No Dribble Jumper > Open > Long/3pt > Make 3 Pts
82,Laurence Brady,,,,"3FGm, Def Reb",Miss 3 Pts,00:00:22.9,,,Ithaca College,CU@IC,01/17/2025,1,4:49,"Laurence Brady, Braeden Burns","P&R BH, Spot Up",,2 Jaylon O'Neal > P&R Ball Handler > High P&R > Go Away from Pick > Defense Commits > Ball Delivered > 12 Laurence Brady > Spot-Up > No Dribble Jumper > Open > Long/3pt > Miss 3 Pts
83,Braeden Burns,,,,Foul,Foul,00:00:15.7,,,Clarkson University Golden Knights,CU@IC,01/17/2025,1,4:37,"Laurence Brady, Braeden Burns",Transition,,24 Braeden Burns > Transition > Trailer > To Basket > Foul
84,Braeden Burns,,,,FTM,Free Throw,00:00:05.5,,,Clarkson University Golden Knights,CU@IC,01/17/2025,1,,Braeden Burns,,,24 Braeden Burns > Non Possession > Free Throw
85,Braeden Burns,,,,FTM,Free Throw,00:00:05.4,,,Clarkson University Golden Knights,CU@IC,01/17/2025,1,,Braeden Burns,,,24 Braeden Burns > Non Possession > Free Throw
86,Aidan Holmes,,,,"3FGM, Assist",Make 3 Pts,00:00:11.7,,,Ithaca College,CU@IC,01/17/2025,1,4:23,"Aidan Holmes, Alex Penders",Spot Up,,3 Aidan Holmes > Spot-Up > No Dribble Jumper > Guarded > Long/3pt > Make 3 Pts
87,Jack Dalgety,,,,3FGm,Miss 3 Pts,00:00:24.2,,,Clarkson University Golden Knights,CU@IC,01/17/2025,1,4:03,Jack Dalgety,P&R BH,,21 Jack Dalgety > P&R Ball Handler > Left P&R > Baseline > Dribble Off Pick > Dribble Jumper > Long/3pt > Miss 3 Pts
88,Lorenzo Rappa,,,,Off Reb,Run Offense,00:00:08.2,,,Clarkson University Golden Knights,CU@IC,01/17/2025,1,,Lorenzo Rappa,Off Reb,,0 Lorenzo Rappa > Offensive Rebound > Long > Run Offense
89,Ben Rappa,,,,3FGm,Miss 3 Pts,00:00:17.5,,,Clarkson University Golden Knights,CU@IC,01/17/2025,1,3:51,Ben Rappa,Spot Up,,30 Ben Rappa > Spot-Up > No Dribble Jumper > Open > Long/3pt > Miss 3 Pts
90,Alex Penders,,,,Foul,Foul,00:00:04.6,,,,CU@IC,01/17/2025,1,3:51,Finn Cork,,,14 Alex Penders > No Play Type > Foul
91,Alex Penders,,,,"FTm, Def Reb",Free Throw,00:00:07.5,,,Ithaca College,CU@IC,01/17/2025,1,,"Ben Rappa, Alex Penders",,,14 Alex Penders > Non Possession > Free Throw
92,Lorenzo Rappa,,,,"3FGm, Def Reb",Miss 3 Pts,00:00:16.1,,,Clarkson University Golden Knights,CU@IC,01/17/2025,1,3:35,"Lorenzo Rappa, Evan Cabral",Spot Up,,0 Lorenzo Rappa > Spot-Up > No Dribble Jumper > Guarded > Long/3pt > Miss 3 Pts
93,Cole Wissink,,,,Turnover,Turnover,00:00:31.2,,,Ithaca College,CU@IC,01/17/2025,1,3:11,Cole Wissink,"Iso, Spot Up",,15 Evan Cabral > ISO > Top > Drives Right > Defense Commits > Ball Delivered > 0 Cole Wissink > Spot-Up > Drives Left > Turnover
94,Braeden Burns,,,,"3FGm, Def Reb",Miss 3 Pts,00:00:17.3,,,Clarkson University Golden Knights,CU@IC,01/17/2025,1,3:07,"Alex Penders, Braeden Burns",Spot Up,,24 Braeden Burns > Spot-Up > No Dribble Jumper > Guarded > Long/3pt > Miss 3 Pts
95,Jaylon O'Neal,,,,3FGM,Make 3 Pts,00:00:16.0,,,Ithaca College,CU@IC,01/17/2025,1,2:38,Jaylon O'Neal,P&R BH,,2 Jaylon O'Neal > P&R Ball Handler > Left P&R > Baseline > Dribble Off Pick > Dribble Jumper > Long/3pt > Make 3 Pts
96,Jack Dalgety,,,,Foul,Foul,00:00:19.9,,,Clarkson University Golden Knights,CU@IC,01/17/2025,1,2:38,"Evan Cabral, Jack Dalgety",Off Screen,,21 Jack Dalgety > Off Screen > To Shooter's Left > Straight > To Basket > Foul
97,Jack Dalgety,,,,FTM,Free Throw,00:00:05.2,,,Clarkson University Golden Knights,CU@IC,01/17/2025,1,,Jack Dalgety,,,21 Jack Dalgety > Non Possession > Free Throw
98,Jack Dalgety,,,,FTM,Free Throw,00:00:05.2,,,Clarkson University Golden Knights,CU@IC,01/17/2025,1,,Jack Dalgety,,,21 Jack Dalgety > Non Possession > Free Throw
99,Evan Cabral,,,,"Turnover, Steal",Turnover,00:00:09.4,,,Ithaca College,CU@IC,01/17/2025,1,2:19,"Matteo Sinon, Evan Cabral",P&R BH,,15 Evan Cabral > P&R Ball Handler > High P&R > Dribble Off Pick > Turnover
100,Jack Dalgety,,,,Turnover,Turnover,00:00:24.2,,,Clarkson University Golden Knights,CU@IC,01/17/2025,1,2:01,Jack Dalgety,"P&R BH, Spot Up",,10 Matteo Sinon > P&R Ball Handler > Left P&R > Side > Dribble Off Pick > Defense Commits > Ball Delivered > 21 Jack Dalgety > Spot-Up > Turnover
101,Aidan Holmes,,,,2FGM,Make 2 Pts,00:00:22.1,,,Ithaca College,CU@IC,01/17/2025,1,1:41,Aidan Holmes,"P&R BH, Spot Up",,15 Evan Cabral > P&R Ball Handler > Left P&R > Baseline > Dribble Off Pick > Defense Commits > Ball Delivered > 3 Aidan Holmes > Spot-Up > Drives Left > To Basket > Make 2 Pts
102,Finn Cork,,,,Foul,Foul,00:00:16.3,,,Clarkson University Golden Knights,CU@IC,01/17/2025,1,1:23,"Aidan Holmes, Finn Cork","P&R BH, P&R Roll Man",,10 Matteo Sinon > P&R Ball Handler > Right P&R > Side > Dribble Off Pick > Defense Commits > Ball Delivered > 40 Finn Cork > P&R Roll Man > Rolls to Basket > Foul
103,Finn Cork,,,,FTM,Free Throw,00:00:05.8,,,Clarkson University Golden Knights,CU@IC,01/17/2025,1,,Finn Cork,,,40 Finn Cork > Non Possession > Free Throw
104,Finn Cork,,,,FTM,Free Throw,00:00:04.8,,,Clarkson University Golden Knights,CU@IC,01/17/2025,1,,Finn Cork,,,40 Finn Cork > Non Possession > Free Throw
105,Alex Penders,,,,Turnover,Turnover,00:00:17.6,,,Ithaca College,CU@IC,01/17/2025,1,1:06,Alex Penders,,,14 Alex Penders > No Play Type > Turnover
106,Matteo Sinon,,,,"Turnover, Steal",Turnover,00:00:12.8,,,Clarkson University Golden Knights,CU@IC,01/17/2025,1,0:56,"Evan Cabral, Matteo Sinon",Iso,,10 Matteo Sinon > ISO > Top > Drives Left > Defense Commits > Turnover
107,Evan Cabral,,,,2FGm,Miss 2 Pts,00:00:09.2,,,Ithaca College,CU@IC,01/17/2025,1,0:51,Evan Cabral,Transition,,15 Evan Cabral > Transition > Ballhandler > To Basket > Miss 2 Pts
108,Jaylon O'Neal,,,,2FGM,Make 2 Pts,00:00:23.1,,,Ithaca College,CU@IC,01/17/2025,1,0:37,Jaylon O'Neal,Handoff,,2 Jaylon O'Neal > Hand Off > From Stationary > Left > To Basket > Make 2 Pts
109,Jack Dalgety,,,,"3FGm, Def Reb",Miss 3 Pts,00:00:20.7,,,Clarkson University Golden Knights,CU@IC,01/17/2025,1,0:19,"Jack Dalgety, Logan Wendell",Spot Up,,21 Jack Dalgety > Spot-Up > No Dribble Jumper > Guarded > Long/3pt > Miss 3 Pts
110,Logan Wendell,,,,,No Violation,00:00:18.0,,,Ithaca College,CU@IC,01/17/2025,1,,Logan Wendell,,,1 Logan Wendell > Non Possession > No Violation
111,Aidan Holmes,,,,"3FGm, Def Reb",Miss 3 Pts,00:00:23.5,,,Ithaca College,CU@IC,01/17/2025,2,19:59,"Aidan Holmes, Finn Cork",Off Screen,,3 Aidan Holmes > Off Screen > To Shooter's Right > Straight > No Dribble Jumper > Open > Long/3pt > Miss 3 Pts
112,Jack Dalgety,,,,"Turnover, Steal",Turnover,00:00:11.5,,,Clarkson University Golden Knights,CU@IC,01/17/2025,2,19:39,"Jack Dalgety, Jaylon O'Neal",Cut,,21 Jack Dalgety > Cut > Screen > Turnover
113,Logan Wendell,,,,"3FGm, Def Reb",Miss 3 Pts,00:00:22.9,,,Ithaca College,CU@IC,01/17/2025,2,19:21,"Logan Wendell, Finn Cork",Iso,,1 Logan Wendell > ISO > Left > Drives Left > Dribble Jumper > Long/3pt > Miss 3 Pts
114,Finn Cork,,,,,No Violation,00:00:20.4,,,Clarkson University Golden Knights,CU@IC,01/17/2025,2,,Finn Cork,,,40 Finn Cork > Non Possession > No Violation
115,Finn Cork,,,,"2FGM, Assist",Make 2 Pts,00:00:13.5,,,Clarkson University Golden Knights,CU@IC,01/17/2025,2,18:44,"Finn Cork, Steve DeRegis",Cut,,40 Finn Cork > Cut > Basket > Make 2 Pts
116,Evan Cabral,,,,3FGm,Miss 3 Pts,00:00:11.9,,,Ithaca College,CU@IC,01/17/2025,2,18:35,Evan Cabral,Handoff,,15 Evan Cabral > Hand Off > From Dribble > Left > No Dribble Jumper > Guarded > Long/3pt > Miss 3 Pts
117,Jaylon O'Neal,,,,"2FGM, Foul, Assist",0 Pts,00:00:10.0,,,Ithaca College,CU@IC,01/17/2025,2,18:29,"Jaylon O'Neal, Logan Wendell, Lorenzo Rappa",Cut,,2 Jaylon O'Neal > Cut > Basket > Make 2 Pts Foul > 0 Pts
118,Jaylon O'Neal,,,,"FTm, Def Reb",Free Throw,00:00:05.8,,,Ithaca College,CU@IC,01/17/2025,2,,"Braeden Burns, Jaylon O'Neal",,,2 Jaylon O'Neal > Non Possession > Free Throw
119,Braeden Burns,,,,2FGm,Miss 2 Pts,00:00:17.2,,,Clarkson University Golden Knights,CU@IC,01/17/2025,2,18:10,Braeden Burns,Post Up,,24 Braeden Burns > Post-Up > Left Block > Face-up > Drive Middle > Miss 2 Pts
120,Finn Cork,,,,"Off Reb, Foul",Run Offense,00:00:07.4,,,Clarkson University Golden Knights,CU@IC,01/17/2025,2,,"Finn Cork, Jaylon O'Neal",Off Reb,,40 Finn Cork > Offensive Rebound > Short > Run Offense
121,Lorenzo Rappa,,,,"Turnover, Steal",Turnover,00:00:08.2,,,Clarkson University Golden Knights,CU@IC,01/17/2025,2,18:05,"Lorenzo Rappa, Chris Leysath",,,0 Lorenzo Rappa > No Play Type > Turnover
122,Aidan Holmes,,,,"3FGm, Def Reb",Miss 3 Pts,00:00:12.5,,,Ithaca College,CU@IC,01/17/2025,2,17:58,"Aidan Holmes, Steve DeRegis",Transition,,3 Aidan Holmes > Transition > Right Wing > No Dribble Jumper > Guarded > Long/3pt > Miss 3 Pts
123,Braeden Burns,,,,"2FGm, Def Reb",Miss 2 Pts,00:00:14.9,,,Clarkson University Golden Knights,CU@IC,01/17/2025,2,17:41,"Braeden Burns, Jaylon O'Neal",Post Up,,24 Braeden Burns > Post-Up > Left Block > Post Pin > Dribble Move > To Basket > Miss 2 Pts
124,Aidan Holmes,,,,3FGm,Miss 3 Pts,00:00:20.8,,,Ithaca College,CU@IC,01/17/2025,2,17:23,Aidan Holmes,Spot Up,,3 Aidan Holmes > Spot-Up > No Dribble Jumper > Guarded > Long/3pt > Miss 3 Pts
125,Chris Leysath,,,,Off Reb,Run Offense,00:00:08.3,,,Ithaca College,CU@IC,01/17/2025,2,,Chris Leysath,Off Reb,,30 Chris Leysath > Offensive Rebound > Long > Run Offense
126,Jaylon O'Neal,,,,Foul,Foul,00:00:12.9,,,Ithaca College,CU@IC,01/17/2025,2,17:15,"Jack Dalgety, Jaylon O'Neal",Spot Up,,2 Jaylon O'Neal > Spot-Up > Drives Left > To Basket > Foul
127,Jaylon O'Neal,,,,FTM,Free Throw,00:00:05.5,,,Ithaca College,CU@IC,01/17/2025,2,,Jaylon O'Neal,,,2 Jaylon O'Neal > Non Possession > Free Throw
128,Jaylon O'Neal,,,,FTM,Free Throw,00:00:06.0,,,Ithaca College,CU@IC,01/17/2025,2,,Jaylon O'Neal,,,2 Jaylon O'Neal > Non Possession > Free Throw
129,Jack Dalgety,,,,"3FGM, Assist",Make 3 Pts,00:00:24.8,,,Clarkson University Golden Knights,CU@IC,01/17/2025,2,16:56,"Jack Dalgety, Steve DeRegis","Iso, Spot Up",,5 Steve DeRegis > ISO > Right > Drives Left > Defense Commits > Ball Delivered > 21 Jack Dalgety > Spot-Up > No Dribble Jumper > Guarded > Long/3pt > Make 3 Pts
130,Evan Cabral,,,,"3FGM, Assist",Make 3 Pts,00:00:18.8,,,Ithaca College,CU@IC,01/17/2025,2,16:36,"Aidan Holmes, Evan Cabral",Spot Up,,15 Evan Cabral > Spot-Up > No Dribble Jumper > Guarded > Long/3pt > Make 3 Pts
131,Jack Dalgety,,,,"3FGM, Assist",Make 3 Pts,00:00:22.9,,,Clarkson University Golden Knights,CU@IC,01/17/2025,2,16:14,"Braeden Burns, Jack Dalgety",Spot Up,,21 Jack Dalgety > Spot-Up > No Dribble Jumper > Guarded > Long/3pt > Make 3 Pts
132,Chris Leysath,,,,"3FGm, Def Reb",Miss 3 Pts,00:00:11.9,,,Ithaca College,CU@IC,01/17/2025,2,15:59,"Chris Leysath, Jack Dalgety","P&R BH, Spot Up",,2 Jaylon O'Neal > P&R Ball Handler > High P&R > Dribble Off Pick > Defense Commits > Ball Delivered > 30 Chris Leysath > Spot-Up > No Dribble Jumper > Open > Long/3pt > Miss 3 Pts
133,Jack Dalgety,,,,"3FGm, Def Reb",Miss 3 Pts,00:00:20.9,,,Clarkson University Golden Knights,CU@IC,01/17/2025,2,15:45,"Jack Dalgety, Logan Wendell",Off Screen,,21 Jack Dalgety > Off Screen > To Shooter's Left > Straight > No Dribble Jumper > Open > Long/3pt > Miss 3 Pts
134,Logan Wendell,,,,2FGM,Make 2 Pts,00:00:16.9,,,Ithaca College,CU@IC,01/17/2025,2,15:33,Logan Wendell,Handoff,,1 Logan Wendell > Hand Off > From Dribble > Left > To Basket > Make 2 Pts
135,Lorenzo Rappa,,,,Foul,Non Shooting Foul,00:00:20.0,,,,CU@IC,01/17/2025,2,,Jaylon O'Neal,,,0 Lorenzo Rappa > Non Possession > Non Shooting Foul
136,Steve DeRegis,,,,"3FGM, Assist",Make 3 Pts,00:00:13.1,,,Clarkson University Golden Knights,CU@IC,01/17/2025,2,15:14,"Steve DeRegis, Jack Dalgety",Spot Up,,5 Steve DeRegis > Spot-Up > No Dribble Jumper > Open > Long/3pt > Make 3 Pts
137,Evan Cabral,,,,"Turnover, Steal",Turnover,00:00:13.3,,,Ithaca College,CU@IC,01/17/2025,2,14:58,"Evan Cabral, Jack Dalgety",Handoff,,15 Evan Cabral > Hand Off > From Dribble > Top > Turnover
138,Finn Cork,,,,2FGM,Make 2 Pts,00:00:17.5,,,Clarkson University Golden Knights,CU@IC,01/17/2025,2,14:45,Finn Cork,Iso,,40 Finn Cork > ISO > Top > Drives Right > To Basket > Make 2 Pts
139,Chris Leysath,,,,"2FGm, Def Reb",Miss 2 Pts,00:00:27.9,,,Ithaca College,CU@IC,01/17/2025,2,14:14,"Chris Leysath, Lorenzo Rappa",Iso,,30 Chris Leysath > ISO > Top > Drives Left > To Basket > Miss 2 Pts
140,Braeden Burns,,,,"2FGm, Def Reb",Miss 2 Pts,00:00:23.0,,,Clarkson University Golden Knights,CU@IC,01/17/2025,2,13:56,"Braeden Burns, Aidan Holmes","Post Up, Spot Up",,40 Finn Cork > Post-Up > Left Block > Left Shoulder > Dribble Move > Defense Commits > Ball Delivered > 24 Braeden Burns > Spot-Up > Drives Left > To Basket > Miss 2 Pts
141,Cole Wissink,,,,"3FGM, Assist",Make 3 Pts,00:00:14.5,,,Ithaca College,CU@IC,01/17/2025,2,13:46,"Cole Wissink, Aidan Holmes",Handoff,,0 Cole Wissink > Hand Off > From Dribble > Right > No Dribble Jumper > Guarded > Long/3pt > Make 3 Pts
142,Jack Dalgety,,,,"2FGm, Foul",Miss 2 Pts,00:00:18.8,,,Clarkson University Golden Knights,CU@IC,01/17/2025,2,13:21,"Jack Dalgety, Evan Cabral",P&R BH,,21 Jack Dalgety > P&R Ball Handler > Right P&R > Side > Dribble Off Pick > To Basket > Miss 2 Pts
143,Steve DeRegis,,,,"3FGm, Def Reb",Miss 3 Pts,00:00:13.1,,,Clarkson University Golden Knights,CU@IC,01/17/2025,2,13:17,"Steve DeRegis, Alex Penders",P&R BH,,5 Steve DeRegis > P&R Ball Handler > High P&R > Takes Early Jump Shot > No Dribble Jumper > Guarded > Long/3pt > Miss 3 Pts
144,Cole Wissink,,,,"Turnover, Steal",Turnover,00:00:25.6,,,Ithaca College,CU@IC,01/17/2025,2,12:49,"Braeden Burns, Cole Wissink",Spot Up,,0 Cole Wissink > Spot-Up > Drives Left > Turnover
145,Steve DeRegis,,,,2FGM,Make 2 Pts,00:00:19.7,,,Clarkson University Golden Knights,CU@IC,01/17/2025,2,12:34,Steve DeRegis,Iso,,5 Steve DeRegis > ISO > Top > Drives Left > To Basket > Make 2 Pts
146,Aidan Holmes,,,,"Turnover, Steal",Turnover,00:00:15.3,,,Ithaca College,CU@IC,01/17/2025,2,12:17,"Ben Rappa, Aidan Holmes",Spot Up,,3 Aidan Holmes > Spot-Up > Drives Right > Turnover
147,Matteo Sinon,,,,Turnover,Turnover,00:00:21.3,,,Clarkson University Golden Knights,CU@IC,01/17/2025,2,12:04,Matteo Sinon,"P&R BH, Spot Up",,24 Braeden Burns > P&R Ball Handler > High P&R > Dribble Off Pick > Defense Commits > Ball Delivered > 10 Matteo Sinon > Spot-Up > Drives Right > Turnover
148,Jose Padilla,,,,Foul,Non Shooting Foul,00:00:12.1,,,,CU@IC,01/17/2025,2,,Matthew Parent,,,13 Jose Padilla > Non Possession > Non Shooting Foul
149,Logan Wendell,,,,Turnover,Turnover,00:00:10.9,,,Ithaca College,CU@IC,01/17/2025,2,11:52,Logan Wendell,,,1 Logan Wendell > No Play Type > Turnover
150,Matthew Parent,,,,"3FGM, Assist",Make 3 Pts,00:00:17.5,,,Clarkson University Golden Knights,CU@IC,01/17/2025,2,11:40,"Matthew Parent, Matteo Sinon",Spot Up,,44 Matthew Parent > Spot-Up > No Dribble Jumper > Guarded > Long/3pt > Make 3 Pts
151,Alex Penders,,,,"2FGM, Assist",Make 2 Pts,00:00:12.7,,,Ithaca College,CU@IC,01/17/2025,2,11:26,"Alex Penders, Cole Wissink",Cut,,14 Alex Penders > Cut > Basket > Make 2 Pts
152,Matteo Sinon,,,,"2FGm, Def Reb",Miss 2 Pts,00:00:19.0,,,Clarkson University Golden Knights,CU@IC,01/17/2025,2,11:05,"Matteo Sinon, Logan Wendell",Iso,,10 Matteo Sinon > ISO > Left > Drives Right > Dribble Jumper > Medium/17' to <3p > Miss 2 Pts
153,Logan Wendell,,,,"Turnover, Steal",Turnover,00:00:07.4,,,Ithaca College,CU@IC,01/17/2025,2,11:00,"Logan Wendell, Matthew Parent",,,1 Logan Wendell > No Play Type > Turnover
154,Matthew Parent,,,,"3FGm, Def Reb",Miss 3 Pts,00:00:20.2,,,Clarkson University Golden Knights,CU@IC,01/17/2025,2,10:48,"Matthew Parent, Alex Penders",Spot Up,,44 Matthew Parent > Spot-Up > No Dribble Jumper > Guarded > Long/3pt > Miss 3 Pts
155,Alex Penders,,,,"3FGM, Assist",Make 3 Pts,00:00:14.1,,,Ithaca College,CU@IC,01/17/2025,2,10:40,"Alex Penders, Jose Padilla",Handoff,,14 Alex Penders > Hand Off > From Dribble > Top > No Dribble Jumper > Guarded > Long/3pt > Make 3 Pts
156,Braeden Burns,,,,"Turnover, Steal",Turnover,00:00:20.5,,,Clarkson University Golden Knights,CU@IC,01/17/2025,2,10:35,"Logan Wendell, Braeden Burns","P&R BH, P&R Roll Man",,44 Matthew Parent > P&R Ball Handler > Right P&R > Side > Dribble Off Pick > Defense Commits > Ball Delivered > 24 Braeden Burns > P&R Roll Man > Pick and Pops > Turnover
157,Logan Wendell,,,,"Turnover, Steal",Turnover,00:00:09.6,,,Ithaca College,CU@IC,01/17/2025,2,10:13,"Logan Wendell, Braeden Burns",Transition,,1 Logan Wendell > Transition > Ballhandler > Turnover
158,Matteo Sinon,,,,"2FGm, Def Reb",Miss 2 Pts,00:00:27.4,,,Clarkson University Golden Knights,CU@IC,01/17/2025,2,9:52,"Matteo Sinon, Jose Padilla",Spot Up,,10 Matteo Sinon > Spot-Up > Drives Right > Dribble Jumper > Short to < 17' > Miss 2 Pts
159,Jose Padilla,,,,Foul,Foul,00:00:20.5,,,Ithaca College,CU@IC,01/17/2025,2,9:31,"Ben Rappa, Jose Padilla",Cut,,13 Jose Padilla > Cut > Flash > Foul
160,Jose Padilla,,,,FTM,Free Throw,00:00:05.1,,,Ithaca College,CU@IC,01/17/2025,2,,Jose Padilla,,,13 Jose Padilla > Non Possession > Free Throw
161,Jose Padilla,,,,FTM,Free Throw,00:00:04.9,,,Ithaca College,CU@IC,01/17/2025,2,,Jose Padilla,,,13 Jose Padilla > Non Possession > Free Throw
162,Matteo Sinon,,,,"3FGm, Def Reb",Miss 3 Pts,00:00:26.0,,,Clarkson University Golden Knights,CU@IC,01/17/2025,2,9:11,"Matteo Sinon, Alex Penders","Post Up, Spot Up",,21 Jack Dalgety > Post-Up > Left Block > Left Shoulder > Dribble Move > Defense Commits > Ball Delivered > 10 Matteo Sinon > Spot-Up > No Dribble Jumper > Open > Long/3pt > Miss 3 Pts
163,Evan Cabral,,,,"3FGm, Def Reb",Miss 3 Pts,00:00:14.8,,,Ithaca College,CU@IC,01/17/2025,2,8:59,"Jack Dalgety, Evan Cabral",Transition,,15 Evan Cabral > Transition > Left Wing > No Dribble Jumper > Guarded > Long/3pt > Miss 3 Pts
164,Matthew Parent,,,,3FGm,Miss 3 Pts,00:00:28.3,,,Clarkson University Golden Knights,CU@IC,01/17/2025,2,8:47,Matthew Parent,Spot Up,,44 Matthew Parent > Spot-Up > No Dribble Jumper > Guarded > Long/3pt > Miss 3 Pts
165,Braeden Burns,,,,"Off Reb, Turnover, Steal",Turnover,00:00:10.9,,,Clarkson University Golden Knights,CU@IC,01/17/2025,2,8:45,"Braeden Burns, Jaylon O'Neal",Off Reb,,24 Braeden Burns > Offensive Rebound > Short > Turnover
166,Jaylon O'Neal,,,,"Foul, Turnover",Turnover,00:00:13.8,,,Ithaca College,CU@IC,01/17/2025,2,8:33,Jaylon O'Neal,Transition,,2 Jaylon O'Neal > Transition > Ballhandler > To Basket > Turnover
167,Steve DeRegis,,,,"3FGm, Def Reb",Miss 3 Pts,00:00:15.9,,,Clarkson University Golden Knights,CU@IC,01/17/2025,2,8:13,"Steve DeRegis, Evan Cabral",Handoff,,5 Steve DeRegis > Hand Off > From Dribble > Right > Dribble Jumper > Long/3pt > Miss 3 Pts
168,Evan Cabral,,,,2FGM,Make 2 Pts,00:00:11.7,,,Ithaca College,CU@IC,01/17/2025,2,8:10,Evan Cabral,Transition,,15 Evan Cabral > Transition > Ballhandler > To Basket > Make 2 Pts
169,Finn Cork,,,,"2FGM, Assist",Make 2 Pts,00:00:16.7,,,Clarkson University Golden Knights,CU@IC,01/17/2025,2,7:53,"Finn Cork, Jack Dalgety","P&R BH, P&R Roll Man",,21 Jack Dalgety > P&R Ball Handler > Right P&R > Side > Dribble Off Pick > Defense Commits > Ball Delivered > 40 Finn Cork > P&R Roll Man > Rolls to Basket > Make 2 Pts
170,Evan Cabral,,,,Foul,Non Shooting Foul,00:00:25.7,,,,CU@IC,01/17/2025,2,,Finn Cork,,,15 Evan Cabral > Non Possession > Non Shooting Foul
171,Chris Leysath,,,,"2FGm, Def Reb",Miss 2 Pts,00:00:28.1,,,Ithaca College,CU@IC,01/17/2025,2,7:12,"Chris Leysath, Finn Cork","P&R BH, P&R Roll Man",,13 Jose Padilla > P&R Ball Handler > High P&R > Dribble Off Pick > Defense Commits > Ball Delivered > 30 Chris Leysath > P&R Roll Man > Pick and Pops > No Dribble Jumper > Open > Medium/17' to <3p > Miss 2 Pts
172,Jack Dalgety,,,,"3FGm, Def Reb",Miss 3 Pts,00:00:13.3,,,Clarkson University Golden Knights,CU@IC,01/17/2025,2,6:56,"Evan Cabral, Jack Dalgety","P&R BH, Spot Up",,0 Lorenzo Rappa > P&R Ball Handler > High P&R > Dribble Off Pick > Defense Commits > Ball Delivered > 21 Jack Dalgety > Spot-Up > No Dribble Jumper > Guarded > Long/3pt > Miss 3 Pts
173,Jose Padilla,,,,"3FGM, Assist",Make 3 Pts,00:00:14.8,,,Ithaca College,CU@IC,01/17/2025,2,6:47,"Jose Padilla, Evan Cabral",Handoff,,13 Jose Padilla > Hand Off > From Dribble > Top > No Dribble Jumper > Guarded > Long/3pt > Make 3 Pts
174,Braeden Burns,,,,Turnover,Turnover,00:00:17.1,,,Clarkson University Golden Knights,CU@IC,01/17/2025,2,6:24,Braeden Burns,,,24 Braeden Burns > No Play Type > Turnover
175,Evan Cabral,,,,"Turnover, Steal",Turnover,00:00:12.3,,,Ithaca College,CU@IC,01/17/2025,2,6:11,"Evan Cabral, Steve DeRegis",P&R BH,,15 Evan Cabral > P&R Ball Handler > High P&R > Dribble Off Pick > Defense Commits > Turnover
176,Finn Cork,,,,Foul,Foul,00:00:12.3,,,Clarkson University Golden Knights,CU@IC,01/17/2025,2,6:03,"Evan Cabral, Finn Cork",Transition,,40 Finn Cork > Transition > First Middle > To Basket > Foul
177,Finn Cork,,,,FTM,Free Throw,00:00:05.8,,,Clarkson University Golden Knights,CU@IC,01/17/2025,2,,Finn Cork,,,40 Finn Cork > Non Possession > Free Throw
178,Finn Cork,,,,FTM,Free Throw,00:00:05.1,,,Clarkson University Golden Knights,CU@IC,01/17/2025,2,,Finn Cork,,,40 Finn Cork > Non Possession > Free Throw
179,Aidan Holmes,,,,Foul,Non Shooting Foul,00:00:11.7,,,,CU@IC,01/17/2025,2,,Finn Cork,,,3 Aidan Holmes > Non Possession > Non Shooting Foul
180,Evan Cabral,,,,2FGm,Miss 2 Pts,00:00:15.1,,,Ithaca College,CU@IC,01/17/2025,2,5:48,Evan Cabral,Off Screen,,15 Evan Cabral > Off Screen > To Shooter's Left > Straight > To Basket > Miss 2 Pts
181,Evan Cabral,,,,"Off Reb, Foul",Foul,00:00:07.5,,,Ithaca College,CU@IC,01/17/2025,2,5:48,"Braeden Burns, Evan Cabral",Off Reb,,15 Evan Cabral > Offensive Rebound > Short > Scoring Attempt > At Basket > Foul
182,Evan Cabral,,,,FTM,Free Throw,00:00:06.2,,,Ithaca College,CU@IC,01/17/2025,2,,Evan Cabral,,,15 Evan Cabral > Non Possession > Free Throw
183,Evan Cabral,,,,FTM,Free Throw,00:00:05.7,,,Ithaca College,CU@IC,01/17/2025,2,,Evan Cabral,,,15 Evan Cabral > Non Possession > Free Throw
184,Jack Dalgety,,,,,No Violation,00:00:08.4,,,Clarkson University Golden Knights,CU@IC,01/17/2025,2,,Jack Dalgety,,,21 Jack Dalgety > Non Possession > No Violation
185,Braeden Burns,,,,"2FGm, Def Reb",Miss 2 Pts,00:00:19.6,,,Clarkson University Golden Knights,CU@IC,01/17/2025,2,5:45,"Braeden Burns, Evan Cabral",Spot Up,,24 Braeden Burns > Spot-Up > Drives Right > To Basket > Miss 2 Pts
186,Evan Cabral,,,,Foul,Foul,00:00:16.4,,,Ithaca College,CU@IC,01/17/2025,2,5:12,"Braeden Burns, Evan Cabral",Iso,,15 Evan Cabral > ISO > Top > Drives Right > To Basket > Foul
187,Evan Cabral,,,,FTM,Free Throw,00:00:05.8,,,Ithaca College,CU@IC,01/17/2025,2,,Evan Cabral,,,15 Evan Cabral > Non Possession > Free Throw
188,Evan Cabral,,,,FTm,Free Throw,00:00:08.3,,,Ithaca College,CU@IC,01/17/2025,2,,Evan Cabral,,,15 Evan Cabral > Non Possession > Free Throw
189,Jose Padilla,,,,"Turnover, Steal",Turnover,00:00:12.3,,,Ithaca College,CU@IC,01/17/2025,2,5:11,"Jose Padilla, Finn Cork",,,13 Jose Padilla > No Play Type > Turnover
190,Finn Cork,,,,"2FGm, Def Reb",Miss 2 Pts,00:00:22.5,,,Clarkson University Golden Knights,CU@IC,01/17/2025,2,4:55,"Finn Cork, Jose Padilla",Post Up,,40 Finn Cork > Post-Up > Left Block > Post Pin > Dribble Move > To Basket > Miss 2 Pts
191,Jose Padilla,,,,"2FGm, Block, Blocked Attempt",Miss 2 Pts,00:00:28.8,,,Ithaca College,CU@IC,01/17/2025,2,4:24,"Lorenzo Rappa, Jose Padilla","P&R BH, Spot Up",,15 Evan Cabral > P&R Ball Handler > Left P&R > Baseline > Dribble Off Pick > Defense Commits > Ball Delivered > 13 Jose Padilla > Spot-Up > Drives Right > To Basket > Miss 2 Pts
192,Evan Cabral,,,,,Shot Clock Violation,00:00:08.7,,,Ithaca College,CU@IC,01/17/2025,2,,Evan Cabral,,,15 Evan Cabral > Non Possession > Shot Clock Violation
193,Steve DeRegis,,,,"3FGm, Def Reb",Miss 3 Pts,00:00:21.4,,,Clarkson University Golden Knights,CU@IC,01/17/2025,2,4:11,"Steve DeRegis, Cole Wissink",Handoff,,5 Steve DeRegis > Hand Off > From Dribble > Right > Dribble Jumper > Long/3pt > Miss 3 Pts
194,Cole Wissink,,,,3FGm,Miss 3 Pts,00:00:26.7,,,Ithaca College,CU@IC,01/17/2025,2,3:50,Cole Wissink,Handoff,,0 Cole Wissink > Hand Off > From Dribble > Right > No Dribble Jumper > Open > Long/3pt > Miss 3 Pts
195,Evan Cabral,,,,"2FGm, Off Reb, Def Reb",Miss 2 Pts,00:00:12.1,,,Ithaca College,CU@IC,01/17/2025,2,3:48,"Evan Cabral, Braeden Burns",Off Reb,,15 Evan Cabral > Offensive Rebound > Long > Scoring Attempt > At Basket > Miss 2 Pts
196,Lorenzo Rappa,,,,,No Violation,00:00:09.7,,,Clarkson University Golden Knights,CU@IC,01/17/2025,2,,Lorenzo Rappa,,,0 Lorenzo Rappa > Non Possession > No Violation
197,Steve DeRegis,,,,2FGM,Make 2 Pts,00:00:25.9,,,Clarkson University Golden Knights,CU@IC,01/17/2025,2,3:16,Steve DeRegis,"Post Up, Spot Up",,40 Finn Cork > Post-Up > Right Block > Left Shoulder > Dribble Move > Defense Commits > Ball Delivered > 5 Steve DeRegis > Spot-Up > Drives Left > To Basket > Make 2 Pts
198,Evan Cabral,,,,Foul,Foul,00:00:13.5,,,Ithaca College,CU@IC,01/17/2025,2,2:52,"Finn Cork, Evan Cabral",P&R BH,,15 Evan Cabral > P&R Ball Handler > Left P&R > Baseline > Dribble Off Pick > To Basket > Foul
199,Evan Cabral,,,,FTm,Free Throw,00:00:06.5,,,Ithaca College,CU@IC,01/17/2025,2,,Evan Cabral,,,15 Evan Cabral > Non Possession > Free Throw
200,Evan Cabral,,,,FTM,Free Throw,00:00:05.7,,,Ithaca College,CU@IC,01/17/2025,2,,Evan Cabral,,,15 Evan Cabral > Non Possession > Free Throw
201,Braeden Burns,,,,2FGM,Make 2 Pts,00:00:18.8,,,Clarkson University Golden Knights,CU@IC,01/17/2025,2,2:45,Braeden Burns,Handoff,,24 Braeden Burns > Hand Off > From Stationary > Left > To Basket > Make 2 Pts
202,Evan Cabral,,,,"2FGm, Def Reb",Miss 2 Pts,00:00:26.1,,,Ithaca College,CU@IC,01/17/2025,2,2:15,"Evan Cabral, Finn Cork",Handoff,,15 Evan Cabral > Hand Off > From Dribble > Top > To Basket > Miss 2 Pts
203,Braeden Burns,,,,"Foul, Turnover",Turnover,00:00:19.3,,,Clarkson University Golden Knights,CU@IC,01/17/2025,2,1:56,Braeden Burns,Spot Up,,24 Braeden Burns > Spot-Up > Drives Left > To Basket > Turnover
204,Evan Cabral,,,,,No Violation,00:00:09.9,,,Ithaca College,CU@IC,01/17/2025,2,,Evan Cabral,,,15 Evan Cabral > Non Possession > No Violation
205,Logan Wendell,,,,"Turnover, Steal",Turnover,00:00:10.7,,,Ithaca College,CU@IC,01/17/2025,2,1:42,"Logan Wendell, Matteo Sinon",,,1 Logan Wendell > No Play Type > Turnover
206,Matteo Sinon,,,,2FGM,Make 2 Pts,00:00:07.1,,,Clarkson University Golden Knights,CU@IC,01/17/2025,2,1:37,Matteo Sinon,Transition,,10 Matteo Sinon > Transition > Ballhandler > To Basket > Make 2 Pts
207,Aidan Holmes,,,,"3FGM, Assist",Make 3 Pts,00:00:20.1,,,Ithaca College,CU@IC,01/17/2025,2,1:14,"Aidan Holmes, Logan Wendell",Spot Up,,3 Aidan Holmes > Spot-Up > No Dribble Jumper > Guarded > Long/3pt > Make 3 Pts
208,Matteo Sinon,,,,Foul,Non Shooting Foul,00:00:14.6,,,,CU@IC,01/17/2025,2,,Jaylon O'Neal,,,10 Matteo Sinon > Non Possession > Non Shooting Foul
209,Matteo Sinon,,,,"2FGM, Assist",Make 2 Pts,00:00:16.0,,,Clarkson University Golden Knights,CU@IC,01/17/2025,2,0:50,"Matteo Sinon, Matthew Parent",Spot Up,,10 Matteo Sinon > Spot-Up > Drives Right > Dribble Jumper > Medium/17' to <3p > Make 2 Pts
210,Evan Cabral,,,,"Turnover, Steal",Turnover,00:00:26.7,,,Ithaca College,CU@IC,01/17/2025,2,0:50,"Evan Cabral, Ben Rappa",Spot Up,,15 Evan Cabral > Spot-Up > Drives Left > Turnover
211,Jack Dalgety,,,,"3FGm, Def Reb",Miss 3 Pts,00:00:26.7,,,Clarkson University Golden Knights,CU@IC,01/17/2025,2,0:05,"Jack Dalgety, Logan Wendell",Spot Up,,21 Jack Dalgety > Spot-Up > No Dribble Jumper > Guarded > Long/3pt > Miss 3 Pts
212,Logan Wendell,,,,Foul,Foul,00:00:09.3,,,,CU@IC,01/17/2025,2,0:02,Braeden Burns,,,1 Logan Wendell > No Play Type > Foul
213,Logan Wendell,,,,FTm,Free Throw,00:00:05.6,,,Ithaca College,CU@IC,01/17/2025,2,,Logan Wendell,,,1 Logan Wendell > Non Possession > Free Throw
214,Logan Wendell,,,,FTM,Free Throw,00:00:06.2,,,Ithaca College,CU@IC,01/17/2025,2,,Logan Wendell,,,1 Logan Wendell > Non Possession > Free Throw
215,Steve DeRegis,,,,3FGm,Miss 3 Pts,00:00:09.0,,,Clarkson University Golden Knights,CU@IC,01/17/2025,2,,Steve DeRegis,,,5 Steve DeRegis > No Play Type > Dribble Jumper > Long/3pt > Miss 3 Pts
